{
    "vertexPositions": [9.98727,11.9873,2,9.99284,11.9877,2.01098,10.0018,11.9938,2.01682,10.0098,12.0029,2.01479,10.0133,12.0106,2.00584,10.0106,12.0133,1.99416,10.0029,12.0098,1.98521,9.99383,12.0018,1.98318,9.98766,11.9928,1.98902,9.98727,11.9873,2,10.3206,11.6539,1.84287,10.3262,11.6543,1.85384,10.3351,11.6605,1.85968,10.3432,11.6695,1.85765,10.3467,11.6772,1.84871,10.3439,11.68,1.83702,10.3362,11.6765,1.82808,10.3272,11.6684,1.82605,10.321,11.6595,1.83189,10.3206,11.6539,1.84287,10.6539,11.3206,1.74858,10.6585,11.322,1.75993,10.6669,11.3287,1.76597,10.6752,11.3375,1.76387,10.6795,11.3444,1.75462,10.6778,11.3461,1.74255,10.6709,11.3419,1.7333,10.662,11.3336,1.7312,10.6553,11.3252,1.73724,10.6539,11.3206,1.74858,10.9873,10.9873,1.71716,10.9908,10.9897,1.7287,10.9986,10.997,1.73484,11.0071,11.0056,1.73271,11.0122,11.0117,1.7233,11.0117,11.0122,1.71101,11.0056,11.0071,1.7016,10.997,10.9986,1.69947,10.9897,10.9908,1.70561,10.9873,10.9873,1.71716,11.3206,10.6539,1.74858,11.323,10.6575,1.76013,11.3303,10.6653,1.76627,11.339,10.6738,1.76414,11.345,10.6789,1.75473,11.3456,10.6783,1.74244,11.3404,10.6723,1.73303,11.332,10.6636,1.7309,11.3241,10.6564,1.73704,11.3206,10.6539,1.74858,11.6539,10.3206,1.84287,11.6553,10.3252,1.85421,11.662,10.3336,1.86025,11.6709,10.3419,1.85815,11.6778,10.3461,1.8489,11.6795,10.3444,1.83683,11.6752,10.3375,1.82758,11.6669,10.3287,1.82548,11.6585,10.322,1.83152,11.6539,10.3206,1.84287,11.9873,9.98727,2,11.9877,9.99284,2.01098,11.9938,10.0018,2.01682,12.0029,10.0098,2.01479,12.0106,10.0133,2.00584,12.0133,10.0106,1.99416,12.0098,10.0029,1.98521,12.0018,9.99383,1.98318,11.9928,9.98766,1.98902,11.9873,9.98727,2,11.6667,10.3333,1.84287,11.5394,10.2061,1.84287,11.544,10.2356,1.93112,11.5814,10.2913,1.99572,11.6417,10.3583,2.01937,11.7087,10.4186,1.99572,11.7644,10.456,1.93112,11.7939,10.4606,1.84287,11.7894,10.4311,1.75461,11.7519,10.3754,1.69001,11.6916,10.3084,1.66636,11.6246,10.2481,1.69001,11.5689,10.2106,1.75461,11.9163,10.0837,1.91347],
    "vertexNormals": [-0.707107,-0.707107,0,-0.397944,-0.685407,0.609802,0.0974218,-0.342997,0.934271,0.547202,0.159904,0.821584,0.740941,0.587985,0.324469,0.587985,0.740941,-0.324469,0.159904,0.547202,-0.821584,-0.342997,0.0974219,-0.934271,-0.685407,-0.397943,-0.609802,-0.707107,-0.707107,-2.3236e-16,-0.707107,-0.707107,0,-0.397944,-0.685407,0.609802,0.0974218,-0.342997,0.934271,0.547202,0.159904,0.821584,0.740941,0.587985,0.324469,0.587985,0.740941,-0.324469,0.159904,0.547202,-0.821584,-0.342997,0.0974219,-0.934271,-0.685407,-0.397943,-0.609802,-0.707107,-0.707107,-2.3236e-16,-0.707107,-0.707107,0,-0.452537,-0.630814,0.630305,0.0137802,-0.259356,0.965683,0.473649,0.233457,0.849208,0.711893,0.617033,0.335378,0.617033,0.711893,-0.335378,0.233458,0.473649,-0.849208,-0.259356,0.0137802,-0.965683,-0.630814,-0.452537,-0.630305,-0.707107,-0.707107,-2.40173e-16,-0.707107,-0.707107,0,-0.511441,-0.571909,0.641364,-0.0764669,-0.169109,0.982626,0.394287,0.312819,0.864107,0.68055,0.648376,0.341263,0.648376,0.68055,-0.341263,0.312819,0.394287,-0.864107,-0.169109,-0.0764669,-0.982626,-0.571909,-0.511441,-0.641364,-0.707107,-0.707107,-2.44387e-16,-0.707107,-0.707107,0,-0.571909,-0.511442,0.641364,-0.169108,-0.0764675,0.982626,0.31282,0.394287,0.864107,0.648376,0.68055,0.341263,0.68055,0.648376,-0.341263,0.394287,0.31282,-0.864107,-0.0764675,-0.169108,-0.982626,-0.511442,-0.571909,-0.641364,-0.707107,-0.707107,-2.44387e-16,-0.707107,-0.707107,0,-0.630814,-0.452537,0.630305,-0.259356,0.0137802,0.965683,0.233458,0.473649,0.849208,0.617033,0.711893,0.335378,0.711893,0.617033,-0.335378,0.473649,0.233457,-0.849208,0.0137802,-0.259356,-0.965683,-0.452537,-0.630814,-0.630305,-0.707107,-0.707107,-2.40173e-16,-0.707107,-0.707107,0,-0.685407,-0.397944,0.609802,-0.342997,0.0974217,0.934271,0.159904,0.547202,0.821584,0.587985,0.740941,0.324469,0.740941,0.587985,-0.324469,0.547202,0.159904,-0.821584,0.0974217,-0.342997,-0.934271,-0.397944,-0.685407,-0.609802,-0.707107,-0.707107,-2.3236e-16,0.138675,-0.138675,-0.980581,-0.707107,-0.707107,0,-0.68171,-0.543035,0.49029,-0.473649,-0.233457,0.849208,-0.138675,0.138675,0.980581,0.233458,0.473649,0.849208,0.543035,0.68171,0.49029,0.707107,0.707107,1.20086e-16,0.68171,0.543035,-0.49029,0.473649,0.233457,-0.849208,0.138675,-0.138675,-0.980581,-0.233458,-0.473649,-0.849208,-0.543035,-0.68171,-0.49029,0.693375,-0.693375,0.196116],
    "vertexTextureCoords": [0,0,0,0.111111,0,0.222222,0,0.333333,0,0.444444,0,0.555556,0,0.666667,0,0.777778,0,0.888889,0,1,0.166667,0,0.166667,0.111111,0.166667,0.222222,0.166667,0.333333,0.166667,0.444444,0.166667,0.555556,0.166667,0.666667,0.166667,0.777778,0.166667,0.888889,0.166667,1,0.333333,0,0.333333,0.111111,0.333333,0.222222,0.333333,0.333333,0.333333,0.444444,0.333333,0.555556,0.333333,0.666667,0.333333,0.777778,0.333333,0.888889,0.333333,1,0.5,0,0.5,0.111111,0.5,0.222222,0.5,0.333333,0.5,0.444444,0.5,0.555556,0.5,0.666667,0.5,0.777778,0.5,0.888889,0.5,1,0.666667,0,0.666667,0.111111,0.666667,0.222222,0.666667,0.333333,0.666667,0.444444,0.666667,0.555556,0.666667,0.666667,0.666667,0.777778,0.666667,0.888889,0.666667,1,0.833333,0,0.833333,0.111111,0.833333,0.222222,0.833333,0.333333,0.833333,0.444444,0.833333,0.555556,0.833333,0.666667,0.833333,0.777778,0.833333,0.888889,0.833333,1,1,0,1,0.111111,1,0.222222,1,0.333333,1,0.444444,1,0.555556,1,0.666667,1,0.777778,1,0.888889,1,1,0,0,0,1,0.0909091,0.909091,0.181818,0.818182,0.272727,0.727273,0.363636,0.636364,0.454545,0.545455,0.545455,0.454545,0.636364,0.363636,0.727273,0.272727,0.818182,0.181818,0.909091,0.0909091,1,0,1,1],
    "indices": [0,1,10,1,11,10,1,2,11,2,12,11,2,3,12,3,13,12,3,4,13,4,14,13,4,5,14,5,15,14,5,6,15,6,16,15,6,7,16,7,17,16,7,8,17,8,18,17,8,9,18,9,19,18,9,10,19,10,20,19,10,11,20,11,21,20,11,12,21,12,22,21,12,13,22,13,23,22,13,14,23,14,24,23,14,15,24,15,25,24,15,16,25,16,26,25,16,17,26,17,27,26,17,18,27,18,28,27,18,19,28,19,29,28,19,20,29,20,30,29,20,21,30,21,31,30,21,22,31,22,32,31,22,23,32,23,33,32,23,24,33,24,34,33,24,25,34,25,35,34,25,26,35,26,36,35,26,27,36,27,37,36,27,28,37,28,38,37,28,29,38,29,39,38,29,30,39,30,40,39,30,31,40,31,41,40,31,32,41,32,42,41,32,33,42,33,43,42,33,34,43,34,44,43,34,35,44,35,45,44,35,36,45,36,46,45,36,37,46,37,47,46,37,38,47,38,48,47,38,39,48,39,49,48,39,40,49,40,50,49,40,41,50,41,51,50,41,42,51,42,52,51,42,43,52,43,53,52,43,44,53,44,54,53,44,45,54,45,55,54,45,46,55,46,56,55,46,47,56,47,57,56,47,48,57,48,58,57,48,49,58,49,59,58,49,50,59,50,60,59,50,51,60,51,61,60,51,52,61,52,62,61,52,53,62,53,63,62,53,54,63,54,64,63,54,55,64,55,65,64,55,56,65,56,66,65,56,57,66,57,67,66,57,58,67,58,68,67,58,59,68,59,69,68,59,60,69,60,70,69,70,71,72,71,72,83,70,72,73,72,73,83,70,73,74,73,74,83,70,74,75,74,75,83,70,75,76,75,76,83,70,76,77,76,77,83,70,77,78,77,78,83,70,78,79,78,79,83,70,79,80,79,80,83,70,80,81,80,81,83,70,81,82,81,82,83,70,82,71,82,71,83]
}