{
    "vertexPositions": [7.98727,9.98727,2,7.99284,9.98766,2.01098,8.00175,9.99383,2.01682,8.00985,10.0029,2.01479,8.01334,10.0106,2.00584,8.01058,10.0133,1.99416,8.00288,10.0098,1.98521,7.99383,10.0018,1.98318,7.98766,9.99284,1.98902,7.98727,9.98727,2,8.32061,9.65394,1.84287,8.32617,9.65433,1.85384,8.33509,9.66049,1.85968,8.34318,9.66955,1.85765,8.34667,9.67725,1.84871,8.34392,9.68,1.83702,8.33621,9.67652,1.82808,8.32716,9.66842,1.82605,8.321,9.6595,1.83189,8.32061,9.65394,1.84287,8.65394,9.32061,1.74858,8.65852,9.32198,1.75993,8.66691,9.32866,1.76597,8.67519,9.33754,1.76387,8.67948,9.34444,1.75462,8.67777,9.34615,1.74255,8.67087,9.34186,1.7333,8.662,9.33358,1.7312,8.65531,9.32519,1.73724,8.65394,9.32061,1.74858,8.98727,8.98727,1.71716,8.99079,8.98971,1.7287,8.99862,8.99696,1.73484,9.0071,9.00563,1.73271,9.01225,9.01167,1.7233,9.01167,9.01225,1.71101,9.00563,9.0071,1.7016,8.99696,8.99862,1.69947,8.98971,8.99079,1.70561,8.98727,8.98727,1.71716,9.32061,8.65394,1.74858,9.32304,8.65746,1.76013,9.33029,8.66529,1.76627,9.33896,8.67376,1.76414,9.345,8.67892,1.75473,9.34558,8.67834,1.74244,9.34043,8.6723,1.73303,9.33196,8.66362,1.7309,9.32413,8.65637,1.73704,9.32061,8.65394,1.74858,9.65394,8.32061,1.84287,9.65531,8.32519,1.85421,9.662,8.33358,1.86025,9.67087,8.34186,1.85815,9.67777,8.34615,1.8489,9.67948,8.34444,1.83683,9.67519,8.33754,1.82758,9.66691,8.32866,1.82548,9.65852,8.32198,1.83152,9.65394,8.32061,1.84287,9.98727,7.98727,2,9.98766,7.99284,2.01098,9.99383,8.00175,2.01682,10.0029,8.00985,2.01479,10.0106,8.01334,2.00584,10.0133,8.01058,1.99416,10.0098,8.00288,1.98521,10.0018,7.99383,1.98318,9.99284,7.98766,1.98902,9.98727,7.98727,2,9.66667,8.33333,1.84287,9.53939,8.20605,1.84287,9.54396,8.23559,1.93112,9.58141,8.29131,1.99572,9.6417,8.35829,2.01937,9.70869,8.41859,1.99572,9.76441,8.45604,1.93112,9.79395,8.46061,1.84287,9.78937,8.43108,1.75461,9.75192,8.37536,1.69001,9.69163,8.30837,1.66636,9.62464,8.24808,1.69001,9.56892,8.21063,1.75461,9.91628,8.08372,1.91347],
    "vertexNormals": [-0.707107,-0.707107,0,-0.397944,-0.685407,0.609802,0.0974218,-0.342997,0.934271,0.547202,0.159904,0.821584,0.740941,0.587985,0.324469,0.587985,0.740941,-0.324469,0.159904,0.547202,-0.821584,-0.342997,0.0974219,-0.934271,-0.685407,-0.397943,-0.609802,-0.707107,-0.707107,-2.3236e-16,-0.707107,-0.707107,0,-0.397944,-0.685407,0.609802,0.0974218,-0.342997,0.934271,0.547202,0.159904,0.821584,0.740941,0.587985,0.324469,0.587985,0.740941,-0.324469,0.159904,0.547202,-0.821584,-0.342997,0.0974219,-0.934271,-0.685407,-0.397943,-0.609802,-0.707107,-0.707107,-2.3236e-16,-0.707107,-0.707107,0,-0.452537,-0.630814,0.630305,0.0137802,-0.259356,0.965683,0.473649,0.233457,0.849208,0.711893,0.617033,0.335378,0.617033,0.711893,-0.335378,0.233458,0.473649,-0.849208,-0.259356,0.0137802,-0.965683,-0.630814,-0.452537,-0.630305,-0.707107,-0.707107,-2.40173e-16,-0.707107,-0.707107,0,-0.511441,-0.571909,0.641364,-0.0764669,-0.169109,0.982626,0.394287,0.312819,0.864107,0.68055,0.648376,0.341263,0.648376,0.68055,-0.341263,0.312819,0.394287,-0.864107,-0.169109,-0.0764669,-0.982626,-0.571909,-0.511441,-0.641364,-0.707107,-0.707107,-2.44387e-16,-0.707107,-0.707107,0,-0.571909,-0.511442,0.641364,-0.169108,-0.0764675,0.982626,0.31282,0.394287,0.864107,0.648376,0.68055,0.341263,0.68055,0.648376,-0.341263,0.394287,0.31282,-0.864107,-0.0764675,-0.169108,-0.982626,-0.511442,-0.571909,-0.641364,-0.707107,-0.707107,-2.44387e-16,-0.707107,-0.707107,0,-0.630814,-0.452537,0.630305,-0.259356,0.0137802,0.965683,0.233458,0.473649,0.849208,0.617033,0.711893,0.335378,0.711893,0.617033,-0.335378,0.473649,0.233457,-0.849208,0.0137802,-0.259356,-0.965683,-0.452537,-0.630814,-0.630305,-0.707107,-0.707107,-2.40173e-16,-0.707107,-0.707107,0,-0.685407,-0.397944,0.609802,-0.342997,0.0974217,0.934271,0.159904,0.547202,0.821584,0.587985,0.740941,0.324469,0.740941,0.587985,-0.324469,0.547202,0.159904,-0.821584,0.0974217,-0.342997,-0.934271,-0.397944,-0.685407,-0.609802,-0.707107,-0.707107,-2.3236e-16,0.138675,-0.138675,-0.980581,-0.707107,-0.707107,0,-0.68171,-0.543035,0.49029,-0.473649,-0.233457,0.849208,-0.138675,0.138675,0.980581,0.233458,0.473649,0.849208,0.543035,0.68171,0.49029,0.707107,0.707107,1.20086e-16,0.68171,0.543035,-0.49029,0.473649,0.233457,-0.849208,0.138675,-0.138675,-0.980581,-0.233458,-0.473649,-0.849208,-0.543035,-0.68171,-0.49029,0.693375,-0.693375,0.196116],
    "vertexTextureCoords": [0,0,0,0.111111,0,0.222222,0,0.333333,0,0.444444,0,0.555556,0,0.666667,0,0.777778,0,0.888889,0,1,0.166667,0,0.166667,0.111111,0.166667,0.222222,0.166667,0.333333,0.166667,0.444444,0.166667,0.555556,0.166667,0.666667,0.166667,0.777778,0.166667,0.888889,0.166667,1,0.333333,0,0.333333,0.111111,0.333333,0.222222,0.333333,0.333333,0.333333,0.444444,0.333333,0.555556,0.333333,0.666667,0.333333,0.777778,0.333333,0.888889,0.333333,1,0.5,0,0.5,0.111111,0.5,0.222222,0.5,0.333333,0.5,0.444444,0.5,0.555556,0.5,0.666667,0.5,0.777778,0.5,0.888889,0.5,1,0.666667,0,0.666667,0.111111,0.666667,0.222222,0.666667,0.333333,0.666667,0.444444,0.666667,0.555556,0.666667,0.666667,0.666667,0.777778,0.666667,0.888889,0.666667,1,0.833333,0,0.833333,0.111111,0.833333,0.222222,0.833333,0.333333,0.833333,0.444444,0.833333,0.555556,0.833333,0.666667,0.833333,0.777778,0.833333,0.888889,0.833333,1,1,0,1,0.111111,1,0.222222,1,0.333333,1,0.444444,1,0.555556,1,0.666667,1,0.777778,1,0.888889,1,1,0,0,0,1,0.0909091,0.909091,0.181818,0.818182,0.272727,0.727273,0.363636,0.636364,0.454545,0.545455,0.545455,0.454545,0.636364,0.363636,0.727273,0.272727,0.818182,0.181818,0.909091,0.0909091,1,0,1,1],
    "indices": [0,1,10,1,11,10,1,2,11,2,12,11,2,3,12,3,13,12,3,4,13,4,14,13,4,5,14,5,15,14,5,6,15,6,16,15,6,7,16,7,17,16,7,8,17,8,18,17,8,9,18,9,19,18,9,10,19,10,20,19,10,11,20,11,21,20,11,12,21,12,22,21,12,13,22,13,23,22,13,14,23,14,24,23,14,15,24,15,25,24,15,16,25,16,26,25,16,17,26,17,27,26,17,18,27,18,28,27,18,19,28,19,29,28,19,20,29,20,30,29,20,21,30,21,31,30,21,22,31,22,32,31,22,23,32,23,33,32,23,24,33,24,34,33,24,25,34,25,35,34,25,26,35,26,36,35,26,27,36,27,37,36,27,28,37,28,38,37,28,29,38,29,39,38,29,30,39,30,40,39,30,31,40,31,41,40,31,32,41,32,42,41,32,33,42,33,43,42,33,34,43,34,44,43,34,35,44,35,45,44,35,36,45,36,46,45,36,37,46,37,47,46,37,38,47,38,48,47,38,39,48,39,49,48,39,40,49,40,50,49,40,41,50,41,51,50,41,42,51,42,52,51,42,43,52,43,53,52,43,44,53,44,54,53,44,45,54,45,55,54,45,46,55,46,56,55,46,47,56,47,57,56,47,48,57,48,58,57,48,49,58,49,59,58,49,50,59,50,60,59,50,51,60,51,61,60,51,52,61,52,62,61,52,53,62,53,63,62,53,54,63,54,64,63,54,55,64,55,65,64,55,56,65,56,66,65,56,57,66,57,67,66,57,58,67,58,68,67,58,59,68,59,69,68,59,60,69,60,70,69,70,71,72,71,72,83,70,72,73,72,73,83,70,73,74,73,74,83,70,74,75,74,75,83,70,75,76,75,76,83,70,76,77,76,77,83,70,77,78,77,78,83,70,78,79,78,79,83,70,79,80,79,80,83,70,80,81,80,81,83,70,81,82,81,82,83,70,82,71,82,71,83]
}