{
    "vertexPositions": [3.98727,5.98727,2,3.99284,5.98766,2.01098,4.00175,5.99383,2.01682,4.00985,6.00288,2.01479,4.01334,6.01058,2.00584,4.01058,6.01334,1.99416,4.00288,6.00985,1.98521,3.99383,6.00175,1.98318,3.98766,5.99284,1.98902,3.98727,5.98727,2,4.32061,5.65394,1.84287,4.32617,5.65433,1.85384,4.33509,5.66049,1.85968,4.34318,5.66955,1.85765,4.34667,5.67725,1.84871,4.34392,5.68,1.83702,4.33621,5.67652,1.82808,4.32716,5.66842,1.82605,4.321,5.6595,1.83189,4.32061,5.65394,1.84287,4.65394,5.32061,1.74858,4.65852,5.32198,1.75993,4.66691,5.32866,1.76597,4.67519,5.33754,1.76387,4.67948,5.34444,1.75462,4.67777,5.34615,1.74255,4.67087,5.34186,1.7333,4.662,5.33358,1.7312,4.65531,5.32519,1.73724,4.65394,5.32061,1.74858,4.98727,4.98727,1.71716,4.99079,4.98971,1.7287,4.99862,4.99696,1.73484,5.0071,5.00563,1.73271,5.01225,5.01167,1.7233,5.01167,5.01225,1.71101,5.00563,5.0071,1.7016,4.99696,4.99862,1.69947,4.98971,4.99079,1.70561,4.98727,4.98727,1.71716,5.32061,4.65394,1.74858,5.32304,4.65746,1.76013,5.33029,4.66529,1.76627,5.33896,4.67376,1.76414,5.345,4.67892,1.75473,5.34558,4.67834,1.74244,5.34043,4.6723,1.73303,5.33196,4.66362,1.7309,5.32413,4.65637,1.73704,5.32061,4.65394,1.74858,5.65394,4.32061,1.84287,5.65531,4.32519,1.85421,5.662,4.33358,1.86025,5.67087,4.34186,1.85815,5.67777,4.34615,1.8489,5.67948,4.34444,1.83683,5.67519,4.33754,1.82758,5.66691,4.32867,1.82548,5.65852,4.32198,1.83152,5.65394,4.32061,1.84287,5.98727,3.98727,2,5.98766,3.99284,2.01098,5.99383,4.00175,2.01682,6.00288,4.00985,2.01479,6.01058,4.01334,2.00584,6.01334,4.01058,1.99416,6.00985,4.00288,1.98521,6.00175,3.99383,1.98318,5.99284,3.98766,1.98902,5.98727,3.98727,2,5.66667,4.33333,1.84287,5.53939,4.20605,1.84287,5.54396,4.23559,1.93112,5.58141,4.29131,1.99572,5.64171,4.35829,2.01937,5.70869,4.41859,1.99572,5.76441,4.45604,1.93112,5.79395,4.46061,1.84287,5.78937,4.43108,1.75461,5.75192,4.37536,1.69001,5.69163,4.30837,1.66636,5.62464,4.24808,1.69001,5.56892,4.21063,1.75461,5.91628,4.08372,1.91347],
    "vertexNormals": [-0.707107,-0.707107,0,-0.397944,-0.685407,0.609802,0.0974218,-0.342997,0.934271,0.547202,0.159904,0.821584,0.740941,0.587985,0.324469,0.587985,0.740941,-0.324469,0.159904,0.547202,-0.821584,-0.342997,0.0974219,-0.934271,-0.685407,-0.397943,-0.609802,-0.707107,-0.707107,-2.3236e-16,-0.707107,-0.707107,0,-0.397944,-0.685407,0.609802,0.0974218,-0.342997,0.934271,0.547202,0.159904,0.821584,0.740941,0.587985,0.324469,0.587985,0.740941,-0.324469,0.159904,0.547202,-0.821584,-0.342997,0.0974219,-0.934271,-0.685407,-0.397943,-0.609802,-0.707107,-0.707107,-2.3236e-16,-0.707107,-0.707107,0,-0.452537,-0.630814,0.630305,0.0137802,-0.259356,0.965683,0.473649,0.233457,0.849208,0.711893,0.617033,0.335378,0.617033,0.711893,-0.335378,0.233458,0.473649,-0.849208,-0.259356,0.0137802,-0.965683,-0.630814,-0.452537,-0.630305,-0.707107,-0.707107,-2.40173e-16,-0.707107,-0.707107,0,-0.511441,-0.571909,0.641364,-0.0764669,-0.169109,0.982626,0.394287,0.312819,0.864107,0.68055,0.648376,0.341263,0.648376,0.68055,-0.341263,0.312819,0.394287,-0.864107,-0.169109,-0.0764669,-0.982626,-0.571909,-0.511441,-0.641364,-0.707107,-0.707107,-2.44387e-16,-0.707107,-0.707107,0,-0.571909,-0.511442,0.641364,-0.169108,-0.0764675,0.982626,0.31282,0.394287,0.864107,0.648376,0.68055,0.341263,0.68055,0.648376,-0.341263,0.394287,0.31282,-0.864107,-0.0764675,-0.169108,-0.982626,-0.511442,-0.571909,-0.641364,-0.707107,-0.707107,-2.44387e-16,-0.707107,-0.707107,0,-0.630814,-0.452537,0.630305,-0.259356,0.0137802,0.965683,0.233458,0.473649,0.849208,0.617033,0.711893,0.335378,0.711893,0.617033,-0.335378,0.473649,0.233457,-0.849208,0.0137802,-0.259356,-0.965683,-0.452537,-0.630814,-0.630305,-0.707107,-0.707107,-2.40173e-16,-0.707107,-0.707107,0,-0.685407,-0.397944,0.609802,-0.342997,0.0974217,0.934271,0.159904,0.547202,0.821584,0.587985,0.740941,0.324469,0.740941,0.587985,-0.324469,0.547202,0.159904,-0.821584,0.0974217,-0.342997,-0.934271,-0.397944,-0.685407,-0.609802,-0.707107,-0.707107,-2.3236e-16,0.138675,-0.138675,-0.980581,-0.707107,-0.707107,0,-0.68171,-0.543035,0.49029,-0.473649,-0.233457,0.849208,-0.138675,0.138675,0.980581,0.233458,0.473649,0.849208,0.543035,0.68171,0.49029,0.707107,0.707107,1.20086e-16,0.68171,0.543035,-0.49029,0.473649,0.233457,-0.849208,0.138675,-0.138675,-0.980581,-0.233458,-0.473649,-0.849208,-0.543035,-0.68171,-0.49029,0.693375,-0.693375,0.196116],
    "vertexTextureCoords": [0,0,0,0.111111,0,0.222222,0,0.333333,0,0.444444,0,0.555556,0,0.666667,0,0.777778,0,0.888889,0,1,0.166667,0,0.166667,0.111111,0.166667,0.222222,0.166667,0.333333,0.166667,0.444444,0.166667,0.555556,0.166667,0.666667,0.166667,0.777778,0.166667,0.888889,0.166667,1,0.333333,0,0.333333,0.111111,0.333333,0.222222,0.333333,0.333333,0.333333,0.444444,0.333333,0.555556,0.333333,0.666667,0.333333,0.777778,0.333333,0.888889,0.333333,1,0.5,0,0.5,0.111111,0.5,0.222222,0.5,0.333333,0.5,0.444444,0.5,0.555556,0.5,0.666667,0.5,0.777778,0.5,0.888889,0.5,1,0.666667,0,0.666667,0.111111,0.666667,0.222222,0.666667,0.333333,0.666667,0.444444,0.666667,0.555556,0.666667,0.666667,0.666667,0.777778,0.666667,0.888889,0.666667,1,0.833333,0,0.833333,0.111111,0.833333,0.222222,0.833333,0.333333,0.833333,0.444444,0.833333,0.555556,0.833333,0.666667,0.833333,0.777778,0.833333,0.888889,0.833333,1,1,0,1,0.111111,1,0.222222,1,0.333333,1,0.444444,1,0.555556,1,0.666667,1,0.777778,1,0.888889,1,1,0,0,0,1,0.0909091,0.909091,0.181818,0.818182,0.272727,0.727273,0.363636,0.636364,0.454545,0.545455,0.545455,0.454545,0.636364,0.363636,0.727273,0.272727,0.818182,0.181818,0.909091,0.0909091,1,0,1,1],
    "indices": [0,1,10,1,11,10,1,2,11,2,12,11,2,3,12,3,13,12,3,4,13,4,14,13,4,5,14,5,15,14,5,6,15,6,16,15,6,7,16,7,17,16,7,8,17,8,18,17,8,9,18,9,19,18,9,10,19,10,20,19,10,11,20,11,21,20,11,12,21,12,22,21,12,13,22,13,23,22,13,14,23,14,24,23,14,15,24,15,25,24,15,16,25,16,26,25,16,17,26,17,27,26,17,18,27,18,28,27,18,19,28,19,29,28,19,20,29,20,30,29,20,21,30,21,31,30,21,22,31,22,32,31,22,23,32,23,33,32,23,24,33,24,34,33,24,25,34,25,35,34,25,26,35,26,36,35,26,27,36,27,37,36,27,28,37,28,38,37,28,29,38,29,39,38,29,30,39,30,40,39,30,31,40,31,41,40,31,32,41,32,42,41,32,33,42,33,43,42,33,34,43,34,44,43,34,35,44,35,45,44,35,36,45,36,46,45,36,37,46,37,47,46,37,38,47,38,48,47,38,39,48,39,49,48,39,40,49,40,50,49,40,41,50,41,51,50,41,42,51,42,52,51,42,43,52,43,53,52,43,44,53,44,54,53,44,45,54,45,55,54,45,46,55,46,56,55,46,47,56,47,57,56,47,48,57,48,58,57,48,49,58,49,59,58,49,50,59,50,60,59,50,51,60,51,61,60,51,52,61,52,62,61,52,53,62,53,63,62,53,54,63,54,64,63,54,55,64,55,65,64,55,56,65,56,66,65,56,57,66,57,67,66,57,58,67,58,68,67,58,59,68,59,69,68,59,60,69,60,70,69,70,71,72,71,72,83,70,72,73,72,73,83,70,73,74,73,74,83,70,74,75,74,75,83,70,75,76,75,76,83,70,76,77,76,77,83,70,77,78,77,78,83,70,78,79,78,79,83,70,79,80,79,80,83,70,80,81,80,81,83,70,81,82,81,82,83,70,82,71,82,71,83]
}