{
    "vertexPositions": [6.018,4,2,6.01379,4,2.01157,6.00313,4,2.01773,5.991,4,2.01559,5.98309,4,2.00616,5.98309,4,1.99384,5.991,4,1.98441,6.00313,4,1.98227,6.01379,4,1.98843,6.018,4,2,6.018,4.5,2,6.01379,4.5,2.01157,6.00313,4.5,2.01773,5.991,4.5,2.01559,5.98309,4.5,2.00616,5.98309,4.5,1.99384,5.991,4.5,1.98441,6.00313,4.5,1.98227,6.01379,4.5,1.98843,6.018,4.5,2,6.018,5,2,6.01379,5,2.01157,6.00313,5,2.01773,5.991,5,2.01559,5.98309,5,2.00616,5.98309,5,1.99384,5.991,5,1.98441,6.00313,5,1.98227,6.01379,5,1.98843,6.018,5,2,6.018,5.5,2,6.01379,5.5,2.01157,6.00313,5.5,2.01773,5.991,5.5,2.01559,5.98309,5.5,2.00616,5.98309,5.5,1.99384,5.991,5.5,1.98441,6.00313,5.5,1.98227,6.01379,5.5,1.98843,6.018,5.5,2,6.018,6,2,6.01379,6,2.01157,6.00313,6,2.01773,5.991,6,2.01559,5.98309,6,2.00616,5.98309,6,1.99384,5.991,6,1.98441,6.00313,6,1.98227,6.01379,6,1.98843,6.018,6,2,6,5.5,2,6.18,5.5,2,6.15588,5.5,2.09,6.09,5.5,2.15588,6,5.5,2.18,5.91,5.5,2.15588,5.84412,5.5,2.09,5.82,5.5,2,5.84412,5.5,1.91,5.91,5.5,1.84412,6,5.5,1.82,6.09,5.5,1.84412,6.15588,5.5,1.91,6,5.86,2],
    "vertexNormals": [1,0,0,0.766044,0,0.642788,0.173648,0,0.984808,-0.5,0,0.866025,-0.939693,0,0.34202,-0.939693,0,-0.34202,-0.5,0,-0.866025,0.173648,0,-0.984808,0.766044,0,-0.642788,1,0,-2.44929e-16,1,0,0,0.766044,0,0.642788,0.173648,0,0.984808,-0.5,0,0.866025,-0.939693,0,0.34202,-0.939693,0,-0.34202,-0.5,0,-0.866025,0.173648,0,-0.984808,0.766044,0,-0.642788,1,0,-2.44929e-16,1,0,0,0.766044,0,0.642788,0.173648,0,0.984808,-0.5,0,0.866025,-0.939693,0,0.34202,-0.939693,0,-0.34202,-0.5,0,-0.866025,0.173648,0,-0.984808,0.766044,0,-0.642788,1,0,-2.44929e-16,1,0,0,0.766044,0,0.642788,0.173648,0,0.984808,-0.5,0,0.866025,-0.939693,0,0.34202,-0.939693,0,-0.34202,-0.5,0,-0.866025,0.173648,0,-0.984808,0.766044,0,-0.642788,1,0,-2.44929e-16,1,0,0,0.766044,0,0.642788,0.173648,0,0.984808,-0.5,0,0.866025,-0.939693,0,0.34202,-0.939693,0,-0.34202,-0.5,0,-0.866025,0.173648,0,-0.984808,0.766044,0,-0.642788,1,0,-2.44929e-16,0,0,-1,1,0,0,0.866025,0,0.5,0.5,0,0.866025,6.12323e-17,0,1,-0.5,0,0.866025,-0.866025,0,0.5,-1,0,1.22465e-16,-0.866025,0,-0.5,-0.5,0,-0.866025,-1.83697e-16,0,-1,0.5,0,-0.866025,0.866025,0,-0.5,0,1,0],
    "vertexTextureCoords": [0,0,0,0.111111,0,0.222222,0,0.333333,0,0.444444,0,0.555556,0,0.666667,0,0.777778,0,0.888889,0,1,0.25,0,0.25,0.111111,0.25,0.222222,0.25,0.333333,0.25,0.444444,0.25,0.555556,0.25,0.666667,0.25,0.777778,0.25,0.888889,0.25,1,0.5,0,0.5,0.111111,0.5,0.222222,0.5,0.333333,0.5,0.444444,0.5,0.555556,0.5,0.666667,0.5,0.777778,0.5,0.888889,0.5,1,0.75,0,0.75,0.111111,0.75,0.222222,0.75,0.333333,0.75,0.444444,0.75,0.555556,0.75,0.666667,0.75,0.777778,0.75,0.888889,0.75,1,1,0,1,0.111111,1,0.222222,1,0.333333,1,0.444444,1,0.555556,1,0.666667,1,0.777778,1,0.888889,1,1,0,0,0,1,0.0909091,0.909091,0.181818,0.818182,0.272727,0.727273,0.363636,0.636364,0.454545,0.545455,0.545455,0.454545,0.636364,0.363636,0.727273,0.272727,0.818182,0.181818,0.909091,0.0909091,1,0,1,1],
    "indices": [0,1,10,1,11,10,1,2,11,2,12,11,2,3,12,3,13,12,3,4,13,4,14,13,4,5,14,5,15,14,5,6,15,6,16,15,6,7,16,7,17,16,7,8,17,8,18,17,8,9,18,9,19,18,9,10,19,10,20,19,10,11,20,11,21,20,11,12,21,12,22,21,12,13,22,13,23,22,13,14,23,14,24,23,14,15,24,15,25,24,15,16,25,16,26,25,16,17,26,17,27,26,17,18,27,18,28,27,18,19,28,19,29,28,19,20,29,20,30,29,20,21,30,21,31,30,21,22,31,22,32,31,22,23,32,23,33,32,23,24,33,24,34,33,24,25,34,25,35,34,25,26,35,26,36,35,26,27,36,27,37,36,27,28,37,28,38,37,28,29,38,29,39,38,29,30,39,30,40,39,30,31,40,31,41,40,31,32,41,32,42,41,32,33,42,33,43,42,33,34,43,34,44,43,34,35,44,35,45,44,35,36,45,36,46,45,36,37,46,37,47,46,37,38,47,38,48,47,38,39,48,39,49,48,39,40,49,40,50,49,50,51,52,51,52,63,50,52,53,52,53,63,50,53,54,53,54,63,50,54,55,54,55,63,50,55,56,55,56,63,50,56,57,56,57,63,50,57,58,57,58,63,50,58,59,58,59,63,50,59,60,59,60,63,50,60,61,60,61,63,50,61,62,61,62,63,50,62,51,62,51,63]
}