{
    "vertexPositions": [5.98727,7.98727,2,5.99284,7.98766,2.01098,6.00175,7.99383,2.01682,6.00985,8.00288,2.01479,6.01334,8.01058,2.00584,6.01058,8.01334,1.99416,6.00288,8.00985,1.98521,5.99383,8.00175,1.98318,5.98766,7.99284,1.98902,5.98727,7.98727,2,6.32061,7.65394,1.84287,6.32617,7.65433,1.85384,6.33509,7.66049,1.85968,6.34318,7.66955,1.85765,6.34667,7.67725,1.84871,6.34392,7.68,1.83702,6.33621,7.67652,1.82808,6.32716,7.66842,1.82605,6.321,7.6595,1.83189,6.32061,7.65394,1.84287,6.65394,7.32061,1.74858,6.65852,7.32198,1.75993,6.66691,7.32866,1.76597,6.67519,7.33754,1.76387,6.67948,7.34444,1.75462,6.67777,7.34615,1.74255,6.67087,7.34186,1.7333,6.662,7.33358,1.7312,6.65531,7.32519,1.73724,6.65394,7.32061,1.74858,6.98727,6.98727,1.71716,6.99079,6.98971,1.7287,6.99862,6.99696,1.73484,7.0071,7.00563,1.73271,7.01225,7.01167,1.7233,7.01167,7.01225,1.71101,7.00563,7.0071,1.7016,6.99696,6.99862,1.69947,6.98971,6.99079,1.70561,6.98727,6.98727,1.71716,7.32061,6.65394,1.74858,7.32304,6.65746,1.76013,7.33029,6.66529,1.76627,7.33896,6.67376,1.76414,7.345,6.67892,1.75473,7.34558,6.67834,1.74244,7.34043,6.6723,1.73303,7.33196,6.66362,1.7309,7.32413,6.65637,1.73704,7.32061,6.65394,1.74858,7.65394,6.32061,1.84287,7.65531,6.32519,1.85421,7.662,6.33358,1.86025,7.67087,6.34186,1.85815,7.67777,6.34615,1.8489,7.67948,6.34444,1.83683,7.67519,6.33754,1.82758,7.66691,6.32867,1.82548,7.65852,6.32198,1.83152,7.65394,6.32061,1.84287,7.98727,5.98727,2,7.98766,5.99284,2.01098,7.99383,6.00175,2.01682,8.00288,6.00985,2.01479,8.01058,6.01334,2.00584,8.01334,6.01058,1.99416,8.00985,6.00288,1.98521,8.00175,5.99383,1.98318,7.99284,5.98766,1.98902,7.98727,5.98727,2,7.66667,6.33333,1.84287,7.53939,6.20605,1.84287,7.54396,6.23559,1.93112,7.58141,6.29131,1.99572,7.64171,6.35829,2.01937,7.70869,6.41859,1.99572,7.76441,6.45604,1.93112,7.79395,6.46061,1.84287,7.78937,6.43108,1.75461,7.75192,6.37536,1.69001,7.69163,6.30837,1.66636,7.62464,6.24808,1.69001,7.56892,6.21063,1.75461,7.91628,6.08372,1.91347],
    "vertexNormals": [-0.707107,-0.707107,0,-0.397944,-0.685407,0.609802,0.0974218,-0.342997,0.934271,0.547202,0.159904,0.821584,0.740941,0.587985,0.324469,0.587985,0.740941,-0.324469,0.159904,0.547202,-0.821584,-0.342997,0.0974219,-0.934271,-0.685407,-0.397943,-0.609802,-0.707107,-0.707107,-2.3236e-16,-0.707107,-0.707107,0,-0.397944,-0.685407,0.609802,0.0974218,-0.342997,0.934271,0.547202,0.159904,0.821584,0.740941,0.587985,0.324469,0.587985,0.740941,-0.324469,0.159904,0.547202,-0.821584,-0.342997,0.0974219,-0.934271,-0.685407,-0.397943,-0.609802,-0.707107,-0.707107,-2.3236e-16,-0.707107,-0.707107,0,-0.452537,-0.630814,0.630305,0.0137802,-0.259356,0.965683,0.473649,0.233457,0.849208,0.711893,0.617033,0.335378,0.617033,0.711893,-0.335378,0.233458,0.473649,-0.849208,-0.259356,0.0137802,-0.965683,-0.630814,-0.452537,-0.630305,-0.707107,-0.707107,-2.40173e-16,-0.707107,-0.707107,0,-0.511441,-0.571909,0.641364,-0.0764669,-0.169109,0.982626,0.394287,0.312819,0.864107,0.68055,0.648376,0.341263,0.648376,0.68055,-0.341263,0.312819,0.394287,-0.864107,-0.169109,-0.0764669,-0.982626,-0.571909,-0.511441,-0.641364,-0.707107,-0.707107,-2.44387e-16,-0.707107,-0.707107,0,-0.571909,-0.511442,0.641364,-0.169108,-0.0764675,0.982626,0.31282,0.394287,0.864107,0.648376,0.68055,0.341263,0.68055,0.648376,-0.341263,0.394287,0.31282,-0.864107,-0.0764675,-0.169108,-0.982626,-0.511442,-0.571909,-0.641364,-0.707107,-0.707107,-2.44387e-16,-0.707107,-0.707107,0,-0.630814,-0.452537,0.630305,-0.259356,0.0137802,0.965683,0.233458,0.473649,0.849208,0.617033,0.711893,0.335378,0.711893,0.617033,-0.335378,0.473649,0.233457,-0.849208,0.0137802,-0.259356,-0.965683,-0.452537,-0.630814,-0.630305,-0.707107,-0.707107,-2.40173e-16,-0.707107,-0.707107,0,-0.685407,-0.397944,0.609802,-0.342997,0.0974217,0.934271,0.159904,0.547202,0.821584,0.587985,0.740941,0.324469,0.740941,0.587985,-0.324469,0.547202,0.159904,-0.821584,0.0974217,-0.342997,-0.934271,-0.397944,-0.685407,-0.609802,-0.707107,-0.707107,-2.3236e-16,0.138675,-0.138675,-0.980581,-0.707107,-0.707107,0,-0.68171,-0.543035,0.49029,-0.473649,-0.233457,0.849208,-0.138675,0.138675,0.980581,0.233458,0.473649,0.849208,0.543035,0.68171,0.49029,0.707107,0.707107,1.20086e-16,0.68171,0.543035,-0.49029,0.473649,0.233457,-0.849208,0.138675,-0.138675,-0.980581,-0.233458,-0.473649,-0.849208,-0.543035,-0.68171,-0.49029,0.693375,-0.693375,0.196116],
    "vertexTextureCoords": [0,0,0,0.111111,0,0.222222,0,0.333333,0,0.444444,0,0.555556,0,0.666667,0,0.777778,0,0.888889,0,1,0.166667,0,0.166667,0.111111,0.166667,0.222222,0.166667,0.333333,0.166667,0.444444,0.166667,0.555556,0.166667,0.666667,0.166667,0.777778,0.166667,0.888889,0.166667,1,0.333333,0,0.333333,0.111111,0.333333,0.222222,0.333333,0.333333,0.333333,0.444444,0.333333,0.555556,0.333333,0.666667,0.333333,0.777778,0.333333,0.888889,0.333333,1,0.5,0,0.5,0.111111,0.5,0.222222,0.5,0.333333,0.5,0.444444,0.5,0.555556,0.5,0.666667,0.5,0.777778,0.5,0.888889,0.5,1,0.666667,0,0.666667,0.111111,0.666667,0.222222,0.666667,0.333333,0.666667,0.444444,0.666667,0.555556,0.666667,0.666667,0.666667,0.777778,0.666667,0.888889,0.666667,1,0.833333,0,0.833333,0.111111,0.833333,0.222222,0.833333,0.333333,0.833333,0.444444,0.833333,0.555556,0.833333,0.666667,0.833333,0.777778,0.833333,0.888889,0.833333,1,1,0,1,0.111111,1,0.222222,1,0.333333,1,0.444444,1,0.555556,1,0.666667,1,0.777778,1,0.888889,1,1,0,0,0,1,0.0909091,0.909091,0.181818,0.818182,0.272727,0.727273,0.363636,0.636364,0.454545,0.545455,0.545455,0.454545,0.636364,0.363636,0.727273,0.272727,0.818182,0.181818,0.909091,0.0909091,1,0,1,1],
    "indices": [0,1,10,1,11,10,1,2,11,2,12,11,2,3,12,3,13,12,3,4,13,4,14,13,4,5,14,5,15,14,5,6,15,6,16,15,6,7,16,7,17,16,7,8,17,8,18,17,8,9,18,9,19,18,9,10,19,10,20,19,10,11,20,11,21,20,11,12,21,12,22,21,12,13,22,13,23,22,13,14,23,14,24,23,14,15,24,15,25,24,15,16,25,16,26,25,16,17,26,17,27,26,17,18,27,18,28,27,18,19,28,19,29,28,19,20,29,20,30,29,20,21,30,21,31,30,21,22,31,22,32,31,22,23,32,23,33,32,23,24,33,24,34,33,24,25,34,25,35,34,25,26,35,26,36,35,26,27,36,27,37,36,27,28,37,28,38,37,28,29,38,29,39,38,29,30,39,30,40,39,30,31,40,31,41,40,31,32,41,32,42,41,32,33,42,33,43,42,33,34,43,34,44,43,34,35,44,35,45,44,35,36,45,36,46,45,36,37,46,37,47,46,37,38,47,38,48,47,38,39,48,39,49,48,39,40,49,40,50,49,40,41,50,41,51,50,41,42,51,42,52,51,42,43,52,43,53,52,43,44,53,44,54,53,44,45,54,45,55,54,45,46,55,46,56,55,46,47,56,47,57,56,47,48,57,48,58,57,48,49,58,49,59,58,49,50,59,50,60,59,50,51,60,51,61,60,51,52,61,52,62,61,52,53,62,53,63,62,53,54,63,54,64,63,54,55,64,55,65,64,55,56,65,56,66,65,56,57,66,57,67,66,57,58,67,58,68,67,58,59,68,59,69,68,59,60,69,60,70,69,70,71,72,71,72,83,70,72,73,72,73,83,70,73,74,73,74,83,70,74,75,74,75,83,70,75,76,75,76,83,70,76,77,76,77,83,70,77,78,77,78,83,70,78,79,78,79,83,70,79,80,79,80,83,70,80,81,80,81,83,70,81,82,81,82,83,70,82,71,82,71,83]
}