{
    "vertexPositions": [2,4.4,2,1.71716,4,2.28284,2.28284,4,2.28284,2.28284,4,1.71716,1.71716,4,1.71716,2,3.6,2],
    "vertexNormals": [0,1,0,-0.707107,0,0.707107,0.707107,0,0.707107,0.707107,0,-0.707107,-0.707107,0,-0.707107,0,-1,0],
    "vertexTextureCoords": [0,0,1,0,0.67,0.33,0.34,0.66,0.01,0.99,1,1],
    "indices": [0,1,2,0,2,3,0,3,4,0,4,1,2,1,5,3,2,5,4,3,5,1,4,5]
}