{
    "vertexPositions": [2,2.4,2,1.71716,2,2.28284,2.28284,2,2.28284,2.28284,2,1.71716,1.71716,2,1.71716,2,1.6,2,2,4.4,2,1.71716,4,2.28284,2.28284,4,2.28284,2.28284,4,1.71716,1.71716,4,1.71716,2,3.6,2,2,6.4,2,1.71716,6,2.28284,2.28284,6,2.28284,2.28284,6,1.71716,1.71716,6,1.71716,2,5.6,2,2,8.4,2,1.71716,8,2.28284,2.28284,8,2.28284,2.28284,8,1.71716,1.71716,8,1.71716,2,7.6,2,2,10.4,2,1.71716,10,2.28284,2.28284,10,2.28284,2.28284,10,1.71716,1.71716,10,1.71716,2,9.6,2,2,12.4,2,1.71716,12,2.28284,2.28284,12,2.28284,2.28284,12,1.71716,1.71716,12,1.71716,2,11.6,2,2,14.4,2,1.71716,14,2.28284,2.28284,14,2.28284,2.28284,14,1.71716,1.71716,14,1.71716,2,13.6,2,2,16.4,2,1.71716,16,2.28284,2.28284,16,2.28284,2.28284,16,1.71716,1.71716,16,1.71716,2,15.6,2],
    "vertexNormals": [0,1,0,-0.707107,0,0.707107,0.707107,0,0.707107,0.707107,0,-0.707107,-0.707107,0,-0.707107,0,-1,0,0,1,0,-0.707107,0,0.707107,0.707107,0,0.707107,0.707107,0,-0.707107,-0.707107,0,-0.707107,0,-1,0,0,1,0,-0.707107,0,0.707107,0.707107,0,0.707107,0.707107,0,-0.707107,-0.707107,0,-0.707107,0,-1,0,0,1,0,-0.707107,0,0.707107,0.707107,0,0.707107,0.707107,0,-0.707107,-0.707107,0,-0.707107,0,-1,0,0,1,0,-0.707107,0,0.707107,0.707107,0,0.707107,0.707107,0,-0.707107,-0.707107,0,-0.707107,0,-1,0,0,1,0,-0.707107,0,0.707107,0.707107,0,0.707107,0.707107,0,-0.707107,-0.707107,0,-0.707107,0,-1,0,0,1,0,-0.707107,0,0.707107,0.707107,0,0.707107,0.707107,0,-0.707107,-0.707107,0,-0.707107,0,-1,0,0,1,0,-0.707107,0,0.707107,0.707107,0,0.707107,0.707107,0,-0.707107,-0.707107,0,-0.707107,0,-1,0],
    "vertexTextureCoords": [0,0,1,0,0.67,0.33,0.34,0.66,0.01,0.99,1,1,0,0,1,0,0.67,0.33,0.34,0.66,0.01,0.99,1,1,0,0,1,0,0.67,0.33,0.34,0.66,0.01,0.99,1,1,0,0,1,0,0.67,0.33,0.34,0.66,0.01,0.99,1,1,0,0,1,0,0.67,0.33,0.34,0.66,0.01,0.99,1,1,0,0,1,0,0.67,0.33,0.34,0.66,0.01,0.99,1,1,0,0,1,0,0.67,0.33,0.34,0.66,0.01,0.99,1,1,0,0,1,0,0.67,0.33,0.34,0.66,0.01,0.99,1,1],
    "indices": [0,1,2,0,2,3,0,3,4,0,4,1,2,1,5,3,2,5,4,3,5,1,4,5,6,7,8,6,8,9,6,9,10,6,10,7,8,7,11,9,8,11,10,9,11,7,10,11,12,13,14,12,14,15,12,15,16,12,16,13,14,13,17,15,14,17,16,15,17,13,16,17,18,19,20,18,20,21,18,21,22,18,22,19,20,19,23,21,20,23,22,21,23,19,22,23,24,25,26,24,26,27,24,27,28,24,28,25,26,25,29,27,26,29,28,27,29,25,28,29,30,31,32,30,32,33,30,33,34,30,34,31,32,31,35,33,32,35,34,33,35,31,34,35,36,37,38,36,38,39,36,39,40,36,40,37,38,37,41,39,38,41,40,39,41,37,40,41,42,43,44,42,44,45,42,45,46,42,46,43,44,43,47,45,44,47,46,45,47,43,46,47]
}